{"name":"racasPet","identifier":"RXYB02PGNG","description":null,"slotTypeValues":[{"synonyms":null,"sampleValue":{"value":"Dalmata"}},{"synonyms":null,"sampleValue":{"value":"Salsicha"}},{"synonyms":null,"sampleValue":{"value":"Pastor Alemão"}},{"synonyms":null,"sampleValue":{"value":"Labrador"}},{"synonyms":null,"sampleValue":{"value":"Poodle"}},{"synonyms":null,"sampleValue":{"value":"Golden"}},{"synonyms":null,"sampleValue":{"value":"Bulldog"}},{"synonyms":null,"sampleValue":{"value":"Rottweiler"}},{"synonyms":null,"sampleValue":{"value":"Husky"}},{"synonyms":null,"sampleValue":{"value":"Pug"}},{"synonyms":null,"sampleValue":{"value":"Pitbull"}},{"synonyms":null,"sampleValue":{"value":"Yorkshire"}},{"synonyms":null,"sampleValue":{"value":"Chihuahua"}},{"synonyms":null,"sampleValue":{"value":"Shih Tzu"}}],"parentSlotTypeSignature":null,"valueSelectionSetting":{"resolutionStrategy":"ORIGINAL_VALUE","regexFilter":null}}